domain,period,exposure_state,origin_state,destination_state,point_estimate,simulation_median,ci95_low,ci95_high,draws
pain,2011-2013,F0,P0,P0,0.7567572917768629,0.7537118023692364,0.7328202447533615,0.7649081831713771,5000
pain,2011-2013,F0,P0,P1,0.1273250825116801,0.12630645267980878,0.11713671381674494,0.1362051659270141,5000
pain,2011-2013,F0,P0,P2,0.1034426847324271,0.10578262111317199,0.09686789315403022,0.1309864805658168,5000
pain,2011-2013,F0,P0,D,0.012474940979029459,0.012956139686890078,0.010821830601781037,0.01657232765694752,5000
pain,2011-2013,F0,P1,P0,0.660167128644665,0.6557537572756875,0.614594890546502,0.6899891140284256,5000
pain,2011-2013,F0,P1,P1,0.18492427962521762,0.18301974569242918,0.16176751305421422,0.21239665852077194,5000
pain,2011-2013,F0,P1,P2,0.14380044479528106,0.14289666028523895,0.12409017874911174,0.1967298814104684,5000
pain,2011-2013,F0,P1,D,0.011108146934835417,0.011297045103545234,0.008702634434456073,0.031636004234362046,5000
pain,2011-2013,F0,P2,P0,0.557861842982718,0.5556876939994408,0.5275878613199155,0.5833449605391606,5000
pain,2011-2013,F0,P2,P1,0.1956117747161941,0.19278490487211355,0.17372754385757486,0.2154669848858087,5000
pain,2011-2013,F0,P2,P2,0.23759985506801956,0.24030257349951448,0.21589910892575262,0.2702907734656167,5000
pain,2011-2013,F0,P2,D,0.008926527233067638,0.009556047896786657,0.007561312853346913,0.017521760619224697,5000
pain,2011-2013,F1,P0,P0,0.7017071711374102,0.6987318208222565,0.6683963555526719,0.7207301208932941,5000
pain,2011-2013,F1,P0,P1,0.14647315410182066,0.14458254051211153,0.13062309530281443,0.15902564830347116,5000
pain,2011-2013,F1,P0,P2,0.1308835037327177,0.13432595229948213,0.11734103337567747,0.16585867111876182,5000
pain,2011-2013,F1,P0,D,0.020936171028051453,0.021313766463638917,0.015902942730535455,0.029317093859332864,5000
pain,2011-2013,F1,P1,P0,0.5618418950975463,0.5560612741600961,0.499022164901927,0.6250215546734985,5000
pain,2011-2013,F1,P1,P1,0.2185599716029628,0.215715388050086,0.17071930376242514,0.29223677047192775,5000
pain,2011-2013,F1,P1,P2,0.20457326750790666,0.20197640957038643,0.15980686790808013,0.2730111865434642,5000
pain,2011-2013,F1,P1,D,0.015024865791584019,0.01599851715466194,0.011899542649672464,0.027626318471183683,5000
pain,2011-2013,F1,P2,P0,0.4877791881136614,0.48923044028593876,0.45017868224316127,0.5351876085419897,5000
pain,2011-2013,F1,P2,P1,0.21034454642214445,0.20531902711256844,0.1734820138881601,0.24379459729541958,5000
pain,2011-2013,F1,P2,P2,0.28672770127517166,0.2870334959048211,0.2490149235994226,0.3272415964276854,5000
pain,2011-2013,F1,P2,D,0.01514856418902255,0.016099236820055818,0.012224840691287087,0.02295973567934754,5000
pain,2011-2013,F2,P0,P0,0.5887279223617349,0.5861869487076272,0.5581664695664407,0.6102015959457587,5000
pain,2011-2013,F2,P0,P1,0.1731218346377516,0.1713801562643656,0.15771085056753506,0.1871665174442992,5000
pain,2011-2013,F2,P0,P2,0.20221186627269133,0.20461665056919434,0.18446206576386454,0.2360383420653059,5000
pain,2011-2013,F2,P0,D,0.035938376727822074,0.03660250891720418,0.028825172558101946,0.046992892361167424,5000
pain,2011-2013,F2,P1,P0,0.5004011091873103,0.49631753558931835,0.45157269870135014,0.5454068230975345,5000
pain,2011-2013,F2,P1,P1,0.22532503697443337,0.22316287595522322,0.18431018453909845,0.28108775901776817,5000
pain,2011-2013,F2,P1,P2,0.2502731111506537,0.24705209548776946,0.20977277741665157,0.31468856839738535,5000
pain,2011-2013,F2,P1,D,0.02400074268760244,0.0250275347107079,0.018807775136519593,0.04010082662484966,5000
pain,2011-2013,F2,P2,P0,0.4101421088550256,0.41178965853651095,0.38080567609181654,0.4532877006737149,5000
pain,2011-2013,F2,P2,P1,0.1982435458000112,0.19529535975456871,0.16915986254682258,0.2328834134987231,5000
pain,2011-2013,F2,P2,P2,0.3688534986643137,0.366912945725972,0.3264059366916504,0.4002536812157156,5000
pain,2011-2013,F2,P2,D,0.022760846680649816,0.023835895026965093,0.018815331106983375,0.03221500981619096,5000
pain,2013-2015,F0,P0,P0,0.8083505673039421,0.8086436608942134,0.7990451646530777,0.8181019875255279,5000
pain,2013-2015,F0,P0,P1,0.04561531643238439,0.04552230629958541,0.041835769017624654,0.04976710621053067,5000
pain,2013-2015,F0,P0,P2,0.134374765314218,0.1332826838256658,0.12498062006675045,0.14200822450193426,5000
pain,2013-2015,F0,P0,D,0.01165935094945519,0.012218477458620957,0.010184061352817974,0.016350775898704595,5000
pain,2013-2015,F0,P1,P0,0.6827850840401094,0.6833887997746178,0.65102532054104,0.7116156155778792,5000
pain,2013-2015,F0,P1,P1,0.048969573952871846,0.04891246189357131,0.044381944752346206,0.05490518641744628,5000
pain,2013-2015,F0,P1,P2,0.25583880284117677,0.2534931678109754,0.2273398164592298,0.2818915794667804,5000
pain,2013-2015,F0,P1,D,0.01240653916584204,0.0128098778917999,0.010517295840651772,0.027550528793130323,5000
pain,2013-2015,F0,P2,P0,0.524267010569428,0.5259908276298112,0.4979495199006025,0.5567619599999886,5000
pain,2013-2015,F0,P2,P1,0.05351226580204939,0.053235685736644084,0.045723359673170615,0.06305118194466541,5000
pain,2013-2015,F0,P2,P2,0.41339513826707674,0.4105082262215106,0.3749091005935592,0.4415183074262249,5000
pain,2013-2015,F0,P2,D,0.008825585361445492,0.009463293314050648,0.007493736421888849,0.015985549444341284,5000
pain,2013-2015,F1,P0,P0,0.7204605606249468,0.7211520610584914,0.690161348228804,0.7481158130285527,5000
pain,2013-2015,F1,P0,P1,0.04832580379706141,0.0480194745094176,0.04159597523412124,0.05556812058657041,5000
pain,2013-2015,F1,P0,P2,0.21221852352879178,0.20922080962888517,0.1833578158501109,0.23852499292092888,5000
pain,2013-2015,F1,P0,D,0.018995112049199982,0.020392026544292355,0.015408220613660636,0.03249294715048007,5000
pain,2013-2015,F1,P1,P0,0.5446216489090914,0.5441902942399475,0.5025699078883293,0.5872384181785955,5000
pain,2013-2015,F1,P1,P1,0.050719126216839806,0.05054013973104399,0.04404598961117795,0.05828121470159028,5000
pain,2013-2015,F1,P1,P2,0.3869490044423562,0.3826290996038553,0.33974902940226154,0.42182135380206864,5000
pain,2013-2015,F1,P1,D,0.017710220431711856,0.019669100364515486,0.015241272683776983,0.051755690502901436,5000
pain,2013-2015,F1,P2,P0,0.426437656751115,0.4283153359347433,0.39547019512630993,0.4641678724101618,5000
pain,2013-2015,F1,P2,P1,0.05242917381005042,0.05205638512898146,0.044298861629496006,0.062295536370996475,5000
pain,2013-2015,F1,P2,P2,0.5060153261095485,0.5016982504882305,0.46470814400494703,0.5346525067826713,5000
pain,2013-2015,F1,P2,D,0.015117843329285594,0.016765423516825508,0.012159610987799448,0.029515940796447114,5000
pain,2013-2015,F2,P0,P0,0.6483493221333462,0.6487034583453579,0.6175169482670448,0.6777096318214259,5000
pain,2013-2015,F2,P0,P1,0.05786748010356554,0.05761709772306041,0.0504696426459988,0.06650579154441491,5000
pain,2013-2015,F2,P0,P2,0.26047957561909374,0.25858012712787615,0.23023212693829936,0.2894449818668423,5000
pain,2013-2015,F2,P0,D,0.03330362214399446,0.03420071147195167,0.026465486691763282,0.045927776049552796,5000
pain,2013-2015,F2,P1,P0,0.49542498520928796,0.4954152344189109,0.4621603554791263,0.5310730995431351,5000
pain,2013-2015,F2,P1,P1,0.05444018942967518,0.05464090915298855,0.0488407535896776,0.06139197102095872,5000
pain,2013-2015,F2,P1,P2,0.4221984773805599,0.42040094210814716,0.3834244918061105,0.454052606400505,5000
pain,2013-2015,F2,P1,D,0.027936347980477397,0.0293292327897652,0.02384084235914008,0.038395080666699416,5000
pain,2013-2015,F2,P2,P0,0.36198214657907535,0.36275526288912086,0.337878828365533,0.3896913959160454,5000
pain,2013-2015,F2,P2,P1,0.05151628802111662,0.05152187733950826,0.04496724290222091,0.060205893810775575,5000
pain,2013-2015,F2,P2,P2,0.5647974637932387,0.5622630527461244,0.5330356522988852,0.589479330642815,5000
pain,2013-2015,F2,P2,D,0.021704101606569742,0.022542816952603222,0.01748895770241533,0.03078826701596904,5000
pain,2015-2018,F0,P0,P0,0.6327315266114707,0.6309864201076558,0.6148834490753115,0.6446597828435838,5000
pain,2015-2018,F0,P0,P1,0.1216107017029139,0.12052644380756311,0.10668469787258943,0.13075141784557673,5000
pain,2015-2018,F0,P0,P2,0.23596130108662433,0.2363136809183309,0.22639348822060518,0.25002016206810446,5000
pain,2015-2018,F0,P0,D,0.009696470598991036,0.011155320779845379,0.008463736345362243,0.0252084428913213,5000
pain,2015-2018,F0,P1,P0,0.3354509550922299,0.33350268126473553,0.26723216916670184,0.401431024839621,5000
pain,2015-2018,F0,P1,P1,0.22258876784222306,0.2199695974179125,0.14713545287510146,0.31895463902146,5000
pain,2015-2018,F0,P1,P2,0.41238932802928774,0.4068909526591388,0.35757045905095186,0.46051583010332586,5000
pain,2015-2018,F0,P1,D,0.02957094903625912,0.030046271756634213,0.013523281232356587,0.09241849195095654,5000
pain,2015-2018,F0,P2,P0,0.15952318776816488,0.16067205009195795,0.14565647054566586,0.182439352850133,5000
pain,2015-2018,F0,P2,P1,0.08449278244036384,0.08322781829658665,0.06999268195925967,0.1001157957142843,5000
pain,2015-2018,F0,P2,P2,0.7465513220827341,0.7444345590974643,0.7236273727066417,0.7618811215643267,5000
pain,2015-2018,F0,P2,D,0.009432707708737387,0.010120431712778655,0.007287636944652859,0.01745156786215851,5000
pain,2015-2018,F1,P0,P0,0.5861871727200677,0.5832216146720282,0.5530988923732045,0.6097503487677749,5000
pain,2015-2018,F1,P0,P1,0.1226532034914249,0.12110886429190001,0.09972421147331154,0.13937022861948198,5000
pain,2015-2018,F1,P0,P2,0.27758056979802126,0.2802931387213645,0.2550751427539891,0.31367382793174897,5000
pain,2015-2018,F1,P0,D,0.01357905399048609,0.014066634085968088,0.00810942176187932,0.029836840008882017,5000
pain,2015-2018,F1,P1,P0,0.2522759992602446,0.25031810639384844,0.18603944654453247,0.32875569318565456,5000
pain,2015-2018,F1,P1,P1,0.19240007980874696,0.189239150411152,0.12575859662333566,0.29872093247698234,5000
pain,2015-2018,F1,P1,P2,0.5273372923754687,0.5212200158851583,0.44348574345800346,0.5866909942075315,5000
pain,2015-2018,F1,P1,D,0.02798662855554046,0.02766299484487772,0.014612402973705285,0.08449286168001896,5000
pain,2015-2018,F1,P2,P0,0.14294906199025778,0.14381448333743008,0.12442493747362128,0.1807924047204915,5000
pain,2015-2018,F1,P2,P1,0.07422659514359405,0.07315921759223468,0.05814276201208597,0.09163830723058367,5000
pain,2015-2018,F1,P2,P2,0.7655834077001271,0.7628861847386761,0.7349067228553249,0.7847417654692393,5000
pain,2015-2018,F1,P2,D,0.0172409351660211,0.01796832364327844,0.012923399481702454,0.02603353589794381,5000
pain,2015-2018,F2,P0,P0,0.4442443028283861,0.44204371803279696,0.4143962899694414,0.4692252747548013,5000
pain,2015-2018,F2,P0,P1,0.1445715929205102,0.14258737107786001,0.12141371137872223,0.16175295376501828,5000
pain,2015-2018,F2,P0,P2,0.3885131451986104,0.3896252831928213,0.36534542446895785,0.4165173222891163,5000
pain,2015-2018,F2,P0,D,0.02267095905249339,0.02400269454756926,0.01801890284544929,0.04408268105958814,5000
pain,2015-2018,F2,P1,P0,0.22345728613875354,0.22175208077136577,0.1683075963774175,0.28166401368780125,5000
pain,2015-2018,F2,P1,P1,0.21229137701151524,0.20970620429368408,0.1451356512347286,0.3099741123031029,5000
pain,2015-2018,F2,P1,P2,0.5277317348619349,0.5234606879617668,0.4619415756708934,0.584204318437849,5000
pain,2015-2018,F2,P1,D,0.03651960198779647,0.036900274411439504,0.0241636558210568,0.07228972590637318,5000
pain,2015-2018,F2,P2,P0,0.11191985251135175,0.11191384811641732,0.09917532479970327,0.13449932819861732,5000
pain,2015-2018,F2,P2,P1,0.0633748557123481,0.06279635956439897,0.05315629893385478,0.07474455186309859,5000
pain,2015-2018,F2,P2,P2,0.8019012135039917,0.8003843096460967,0.7828215376047808,0.8161301870913226,5000
pain,2015-2018,F2,P2,D,0.02280407827230857,0.02330840505621329,0.018408572083846143,0.030243613533058142,5000
pain,2018-2020,F0,P0,P0,0.6653186809132954,0.6650105543387916,0.6521245293691489,0.6773120150449188,5000
pain,2018-2020,F0,P0,P1,0.12386322840449616,0.12341388546080553,0.11561863325304837,0.13226388839247075,5000
pain,2018-2020,F0,P0,P2,0.1933567301198775,0.19338814847562175,0.1834278304925211,0.2043675758229754,5000
pain,2018-2020,F0,P0,D,0.017461360562330667,0.017923420845688015,0.015313868182353658,0.021556864178794398,5000
pain,2018-2020,F0,P1,P0,0.5018772751358913,0.5006692953600074,0.4721749358246458,0.528758141570739,5000
pain,2018-2020,F0,P1,P1,0.1694668427254684,0.16945351802294664,0.14882333297492048,0.19614277968581872,5000
pain,2018-2020,F0,P1,P2,0.31555844553654633,0.3137283591984489,0.2912801311696761,0.3381362786357103,5000
pain,2018-2020,F0,P1,D,0.013097436602093192,0.013255710891507136,0.010558503710086004,0.0332784989195222,5000
pain,2018-2020,F0,P2,P0,0.3154341855454877,0.3170817358716633,0.3022097601863433,0.3364645207394085,5000
pain,2018-2020,F0,P2,P1,0.14176304654407007,0.14116075210761675,0.12910788757253078,0.15422043292085105,5000
pain,2018-2020,F0,P2,P2,0.5312290642163041,0.5289717649345564,0.5100089141989612,0.5467136488565195,5000
pain,2018-2020,F0,P2,D,0.011573703694137651,0.011999607125290895,0.009192108058047006,0.01725923454222891,5000
pain,2018-2020,F1,P0,P0,0.6022959311740996,0.6002417343547907,0.5728602124467514,0.6239578785306328,5000
pain,2018-2020,F1,P0,P1,0.1296951884814742,0.1276173991651049,0.11107387206911823,0.14287174431193905,5000
pain,2018-2020,F1,P0,P2,0.237958292782459,0.2373286166464714,0.21634788927959311,0.2617429752075948,5000
pain,2018-2020,F1,P0,D,0.03005058756196726,0.03244802701775245,0.023086512418142753,0.06241637397469476,5000
pain,2018-2020,F1,P1,P0,0.39314938045806996,0.3893285418174831,0.3222046147960381,0.4438465660274367,5000
pain,2018-2020,F1,P1,P1,0.1676494284204947,0.16495919754752297,0.12971775318810613,0.2097731044863592,5000
pain,2018-2020,F1,P1,P2,0.41887828540061,0.4126364747857439,0.35044586877261735,0.45601760975858546,5000
pain,2018-2020,F1,P1,D,0.020322905720825454,0.02365577854631385,0.01776324857304648,0.1610711821132712,5000
pain,2018-2020,F1,P2,P0,0.26716365396575764,0.2684381597452504,0.2452644626545973,0.2992778824861588,5000
pain,2018-2020,F1,P2,P1,0.1327204121616389,0.13045585367016643,0.11129754896185576,0.15010674179242137,5000
pain,2018-2020,F1,P2,P2,0.576529350088506,0.5721936358826791,0.5412118857355076,0.5994169312583343,5000
pain,2018-2020,F1,P2,D,0.023586583784096973,0.025866185814090364,0.01880591410104929,0.05182914261845335,5000
pain,2018-2020,F2,P0,P0,0.4680868409680973,0.4662865728674476,0.43893574551930287,0.4927883387128468,5000
pain,2018-2020,F2,P0,P1,0.14912788835842278,0.14757409104838237,0.13402631683608407,0.16292548597056614,5000
pain,2018-2020,F2,P0,P2,0.3322913967052,0.332089974503639,0.3091147831846485,0.35841501462795133,5000
pain,2018-2020,F2,P0,D,0.05049387396828042,0.05190941197539051,0.03893192863923049,0.07646381818968645,5000
pain,2018-2020,F2,P1,P0,0.34034844503923023,0.33772626023801333,0.3019958362352692,0.37298724286121954,5000
pain,2018-2020,F2,P1,P1,0.17613321540764987,0.17466226101041926,0.14646890980865354,0.21382092352167412,5000
pain,2018-2020,F2,P1,P2,0.45234267530496397,0.4494762428247452,0.4107277354678247,0.48996781233481085,5000
pain,2018-2020,F2,P1,D,0.0311756642481551,0.03361793177280337,0.027245257074073263,0.06688932500896114,5000
pain,2018-2020,F2,P2,P0,0.21068914809132158,0.2109833602086525,0.1951430069856417,0.23020730727674807,5000
pain,2018-2020,F2,P2,P1,0.11707273116460933,0.11618858572448745,0.10482078270956818,0.12955604508678206,5000
pain,2018-2020,F2,P2,P2,0.6387553294326057,0.6371611419318368,0.6158706633672196,0.6573531267119991,5000
pain,2018-2020,F2,P2,D,0.03348279131146359,0.03446286076495597,0.027643097460079674,0.04500547473082786,5000
